<?xml version="1.0" encoding="UTF-8"?>  
<!DOCTYPE mapper PUBLIC "-//mybatis.org//DTD Mapper 3.0//EN" "http://mybatis.org/dtd/mybatis-3-mapper.dtd">
<mapper namespace="com.xiaochangwei.mapper.UserMapper">
	<select id="dataCount" resultType="int" parameterType="string">
		SELECT IFNULL(count(*),0) FROM ${_parameter}
	</select>
	
	<resultMap type="user" id="userMap">
		<result column="user_id" property="id"/>
		<result column="name" property="name"/>
		<result column="pwd" property="pwd"/>
		<result column="salt" property="salt"/>
		<collection property="pics" select="com.xiaochangwei.mapper.PhotoMapper.findPhotoByUserId" column="user_id">
<!-- 			<result column="photo_id" property="photoId"/> -->
<!-- 			<result column="photo_url" property="photoURL"/> -->
<!-- 			<result column="user_id" property="userId"/> -->
		</collection>
	</resultMap>
	
	
	<select id="getUsers" resultMap="userMap" parameterType="userParamVo">
		SELECT
			user_id,
			`name`,
			pwd,
			salt
		FROM
			users
			
		<where>
			<if test="name != null and name !=''">and `name` = #{name}</if>
			<if test="pwd != null and pwd !=''">and pwd = #{pwd}</if>
		</where>
			
	</select>
</mapper>  