<?xml version="1.0" encoding="UTF-8"?>
<beans xmlns="http://www.springframework.org/schema/beans"
	   xmlns:xsi="http://www.w3.org/2001/XMLSchema-instance" xmlns:mvc="http://www.springframework.org/schema/mvc"
	   xmlns:context="http://www.springframework.org/schema/context"
	   xmlns:aop="http://www.springframework.org/schema/aop" xmlns:tx="http://www.springframework.org/schema/tx"
	   xsi:schemaLocation="http://www.springframework.org/schema/beans
		http://www.springframework.org/schema/beans/spring-beans-4.1.xsd
		http://www.springframework.org/schema/mvc
		http://www.springframework.org/schema/mvc/spring-mvc-4.1.xsd
		http://www.springframework.org/schema/context
		http://www.springframework.org/schema/context/spring-context-4.1.xsd
		http://www.springframework.org/schema/aop
		http://www.springframework.org/schema/aop/spring-aop-4.1.xsd
		http://www.springframework.org/schema/tx
		http://www.springframework.org/schema/tx/spring-tx-4.1.xsd ">
   
   <!-- 会话工厂 -->
	<bean id="sqlSessionFactory" class="org.mybatis.spring.SqlSessionFactoryBean">
		<property name="dataSource" ref="dataSource"></property>
		<!-- 加载mybatis的配置文件 -->
		<property name="configLocation" value="classpath:mybatis/sqlMapConfig.xml"></property>
	</bean>

	<!-- mapper扫描器，这里自动由于没有在sqlMapConfig配置mapper，所以必须保证mapper和dao接口在同一个目录且同名 -->
	<bean class="org.mybatis.spring.mapper.MapperScannerConfigurer">
		<property name="basePackage" value="cn.zymx.webTM.**.dao.mapper"></property>
		<property name="sqlSessionFactoryBeanName" value="sqlSessionFactory"/> 
	</bean>
</beans>
