<?xml version="1.0" encoding="UTF-8"?>
<beans xmlns="http://www.springframework.org/schema/beans"
	xmlns:xsi="http://www.w3.org/2001/XMLSchema-instance" xmlns:mvc="http://www.springframework.org/schema/mvc"
	xmlns:context="http://www.springframework.org/schema/context"
	xmlns:aop="http://www.springframework.org/schema/aop" xmlns:tx="http://www.springframework.org/schema/tx"
	xsi:schemaLocation="http://www.springframework.org/schema/beans 
		http://www.springframework.org/schema/beans/spring-beans-4.1.xsd
		http://www.springframework.org/schema/mvc 
		http://www.springframework.org/schema/mvc/spring-mvc-4.1.xsd
		http://www.springframework.org/schema/context 
		http://www.springframework.org/schema/context/spring-context-4.1.xsd
		http://www.springframework.org/schema/aop 
		http://www.springframework.org/schema/aop/spring-aop-4.1.xsd
		http://www.springframework.org/schema/tx 
		http://www.springframework.org/schema/tx/spring-tx-4.1.xsd ">

	<!-- 组件扫描 -->
	<context:component-scan base-package="cn.zymx" />

	<!-- 引用配置文件 -->
	<bean id="propertyConfigurer"
		class="org.springframework.beans.factory.config.PropertyPlaceholderConfigurer">
		<property name="locations">
			<list>
				<value>classpath:db.properties</value>
			</list>
		</property>
	</bean>
	<bean id="dataSource" class="com.alibaba.druid.pool.DruidDataSource" init-method="init" destroy-method="close">
		<property name="url" value="${jdbc.url}" />
		<property name="username" value="${jdbc.username}" />
		<property name="password" value="${jdbc.password}" />

		<!-- 配置初始化大小、最小、最大 -->
		<property name="initialSize" value="1" />
		<property name="minIdle" value="1" />
		<property name="maxActive" value="20" />

		<!-- 配置获取连接等待超时的时间 -->
		<property name="maxWait" value="60000" />

		<!-- 配置间隔多久才进行一次检测，检测需要关闭的空闲连接，单位是毫秒 -->
		<property name="timeBetweenEvictionRunsMillis" value="60000" />

		<!-- 配置一个连接在池中最小生存的时间，单位是毫秒 -->
		<property name="minEvictableIdleTimeMillis" value="300000" />

		<property name="validationQuery" value="SELECT 'x'" />
		<property name="testWhileIdle" value="true" />
		<property name="testOnBorrow" value="false" />
		<property name="testOnReturn" value="false" />

		<!-- 打开PSCache，并且指定每个连接上PSCache的大小，mysql 不支持该属性，false -->
		<property name="poolPreparedStatements" value="false" />
		<property name="maxPoolPreparedStatementPerConnectionSize" value="20" />

		<!-- 配置监控统计拦截的filters -->
		<property name="filters" value="stat" />

	</bean>

	<!-- 事务控制 -->
	<bean id="transactionManager"
		class="org.springframework.jdbc.datasource.DataSourceTransactionManager">
		<property name="dataSource" ref="dataSource"></property>
	</bean>
	<tx:annotation-driven transaction-manager="transactionManager"/> <!-- 指定注解管理者 -->
</beans>
