<?xml version="1.0" encoding="UTF-8"?>
<!DOCTYPE generatorConfiguration
  PUBLIC "-//mybatis.org//DTD MyBatis Generator Configuration 1.0//EN"
  "http://mybatis.org/dtd/mybatis-generator-config_1_0.dtd">

<generatorConfiguration>
	<!-- classPathEntry:数据库的JDBC驱动的jar包地址 -->
	<!-- <classPathEntry location="WebRoot/WEB-INF/lib/mysql-connector-java-5.1.28-bin.jar" 
		/> -->


	<context id="caigouTables" targetRuntime="MyBatis3">
		<property name="javaFileEncoding" value="UTF-8"/>
		<commentGenerator type="cn.zq.MyCommentGenerator">  <!-- 指定自定义的注释添加实现 -->
			<!-- 是否去除自动生成的注释 true：是 ： false:否 -->
			<property name="suppressAllComments" value="false" />
		</commentGenerator>
		<!--数据库连接的信息：驱动类、连接地址、用户名、密码 -->
		<jdbcConnection driverClass="com.mysql.jdbc.Driver"
			connectionURL="jdbc:mysql://localhost:3306/webtm" userId="root"
			password="root">
		</jdbcConnection>
		<!-- <jdbcConnection driverClass="oracle.jdbc.OracleDriver" connectionURL="jdbc:oracle:thin:@127.0.0.1:1521:yycg" 
			userId="yycg" password="yycg"> </jdbcConnection> -->

		<!-- 默认false，把JDBC DECIMAL 和 NUMERIC 类型解析为 Integer true，把JDBC DECIMAL 和 
			NUMERIC 类型解析为java.math.BigDecimal -->
		<javaTypeResolver>
			<property name="forceBigDecimals" value="false" />
		</javaTypeResolver>

		<!-- java实体生成的位置。targetProject:自动生成代码的位置 -->
		<javaModelGenerator targetPackage="cn.zymx.webTM.web.dao.entity"
			targetProject="E:\SoftwareDevelop\workspace\inte\webTM-parent\webTM-web\src\main\java">
			<!-- enableSubPackages:是否让schema作为包的后缀 -->
			<property name="enableSubPackages" value="true" />
			<!-- 从数据库返回的值被清理前后的空格 -->
			<property name="trimStrings" value="true" />
		</javaModelGenerator>
		
		<!-- mapper xml生成的位置 -->
		<sqlMapGenerator targetPackage="cn.zymx.webTM.web.dao.mapper"
			targetProject="E:\SoftwareDevelop\workspace\inte\webTM-parent\webTM-web\src\main\resources">
			<property name="enableSubPackages" value="false" />
		</sqlMapGenerator>

		<!-- javamapper 接口生成的位置，XMLMAPPER是xml的配置方式，还有ANNOTabelMapper的是注解方式 -->
		<javaClientGenerator type="XMLMAPPER"
			targetPackage="cn.zymx.webTM.web.dao.mapper" implementationPackage="cn.zymx.webTM.web.dao"
			targetProject="E:\SoftwareDevelop\workspace\inte\webTM-parent\webTM-web\src\main\java">
			<property name="enableSubPackages" value="false" />
		</javaClientGenerator>


		<table schema="User" tableName="user" />
		<table schema="FriendList" tableName="friend_list" />
		<table schema="ChatroomOnLine" tableName="Chatroom_on_line" />
		<table schema="Chatroom" tableName="Chatroom" />


	</context>
</generatorConfiguration>
