<?xml version="1.0" encoding="UTF-8" ?>
<!DOCTYPE mapper PUBLIC "-//mybatis.org//DTD Mapper 3.0//EN" "http://mybatis.org/dtd/mybatis-3-mapper.dtd" >
<mapper namespace="cn.zymx.webTM.web.dao.mapper.ChatroomMapper" >
  <resultMap id="BaseResultMap" type="cn.zymx.webTM.web.dao.entity.Chatroom" >
    <id column="Chatroom_id" property="chatroomId" jdbcType="BIGINT" />
    <result column="user_Id" property="userId" jdbcType="BIGINT" />
    <result column="name" property="name" jdbcType="VARCHAR" />
    <result column="intro" property="intro" jdbcType="VARCHAR" />
    <result column="create_By_Id" property="createById" jdbcType="BIGINT" />
    <result column="create_By_Date" property="createByDate" jdbcType="TIMESTAMP" />
    <result column="update_by_id" property="updateById" jdbcType="BIGINT" />
    <result column="update_by_date" property="updateByDate" jdbcType="TIMESTAMP" />
  </resultMap>
  <sql id="Example_Where_Clause" >
    <where >
      <foreach collection="oredCriteria" item="criteria" separator="or" >
        <if test="criteria.valid" >
          <trim prefix="(" suffix=")" prefixOverrides="and" >
            <foreach collection="criteria.criteria" item="criterion" >
              <choose >
                <when test="criterion.noValue" >
                  and ${criterion.condition}
                </when>
                <when test="criterion.singleValue" >
                  and ${criterion.condition} #{criterion.value}
                </when>
                <when test="criterion.betweenValue" >
                  and ${criterion.condition} #{criterion.value} and #{criterion.secondValue}
                </when>
                <when test="criterion.listValue" >
                  and ${criterion.condition}
                  <foreach collection="criterion.value" item="listItem" open="(" close=")" separator="," >
                    #{listItem}
                  </foreach>
                </when>
              </choose>
            </foreach>
          </trim>
        </if>
      </foreach>
    </where>
  </sql>
  <sql id="Update_By_Example_Where_Clause" >
    <where >
      <foreach collection="example.oredCriteria" item="criteria" separator="or" >
        <if test="criteria.valid" >
          <trim prefix="(" suffix=")" prefixOverrides="and" >
            <foreach collection="criteria.criteria" item="criterion" >
              <choose >
                <when test="criterion.noValue" >
                  and ${criterion.condition}
                </when>
                <when test="criterion.singleValue" >
                  and ${criterion.condition} #{criterion.value}
                </when>
                <when test="criterion.betweenValue" >
                  and ${criterion.condition} #{criterion.value} and #{criterion.secondValue}
                </when>
                <when test="criterion.listValue" >
                  and ${criterion.condition}
                  <foreach collection="criterion.value" item="listItem" open="(" close=")" separator="," >
                    #{listItem}
                  </foreach>
                </when>
              </choose>
            </foreach>
          </trim>
        </if>
      </foreach>
    </where>
  </sql>
  <sql id="Base_Column_List" >
    Chatroom_id, user_Id, name, intro, create_By_Id, create_By_Date, update_by_id, update_by_date
  </sql>
  <select id="selectByExample" resultMap="BaseResultMap" parameterType="cn.zymx.webTM.web.dao.entity.ChatroomExample" >
    select
    <if test="distinct" >
      distinct
    </if>
    <include refid="Base_Column_List" />
    from chatroom
    <if test="_parameter != null" >
      <include refid="Example_Where_Clause" />
    </if>
    <if test="orderByClause != null" >
      order by ${orderByClause}
    </if>
  </select>
  <select id="selectByPrimaryKey" resultMap="BaseResultMap" parameterType="java.lang.Long" >
    select 
    <include refid="Base_Column_List" />
    from chatroom
    where Chatroom_id = #{chatroomId,jdbcType=BIGINT}
  </select>
  <delete id="deleteByPrimaryKey" parameterType="java.lang.Long" >
    delete from chatroom
    where Chatroom_id = #{chatroomId,jdbcType=BIGINT}
  </delete>
  <delete id="deleteByExample" parameterType="cn.zymx.webTM.web.dao.entity.ChatroomExample" >
    delete from chatroom
    <if test="_parameter != null" >
      <include refid="Example_Where_Clause" />
    </if>
  </delete>
  <insert id="insert" parameterType="cn.zymx.webTM.web.dao.entity.Chatroom" >
    insert into chatroom (Chatroom_id, user_Id, name, 
      intro, create_By_Id, create_By_Date, 
      update_by_id, update_by_date)
    values (#{chatroomId,jdbcType=BIGINT}, #{userId,jdbcType=BIGINT}, #{name,jdbcType=VARCHAR}, 
      #{intro,jdbcType=VARCHAR}, #{createById,jdbcType=BIGINT}, #{createByDate,jdbcType=TIMESTAMP}, 
      #{updateById,jdbcType=BIGINT}, #{updateByDate,jdbcType=TIMESTAMP})
  </insert>
  <insert id="insertSelective" parameterType="cn.zymx.webTM.web.dao.entity.Chatroom" >
    insert into chatroom
    <trim prefix="(" suffix=")" suffixOverrides="," >
      <if test="chatroomId != null" >
        Chatroom_id,
      </if>
      <if test="userId != null" >
        user_Id,
      </if>
      <if test="name != null" >
        name,
      </if>
      <if test="intro != null" >
        intro,
      </if>
      <if test="createById != null" >
        create_By_Id,
      </if>
      <if test="createByDate != null" >
        create_By_Date,
      </if>
      <if test="updateById != null" >
        update_by_id,
      </if>
      <if test="updateByDate != null" >
        update_by_date,
      </if>
    </trim>
    <trim prefix="values (" suffix=")" suffixOverrides="," >
      <if test="chatroomId != null" >
        #{chatroomId,jdbcType=BIGINT},
      </if>
      <if test="userId != null" >
        #{userId,jdbcType=BIGINT},
      </if>
      <if test="name != null" >
        #{name,jdbcType=VARCHAR},
      </if>
      <if test="intro != null" >
        #{intro,jdbcType=VARCHAR},
      </if>
      <if test="createById != null" >
        #{createById,jdbcType=BIGINT},
      </if>
      <if test="createByDate != null" >
        #{createByDate,jdbcType=TIMESTAMP},
      </if>
      <if test="updateById != null" >
        #{updateById,jdbcType=BIGINT},
      </if>
      <if test="updateByDate != null" >
        #{updateByDate,jdbcType=TIMESTAMP},
      </if>
    </trim>
  </insert>
  <select id="countByExample" parameterType="cn.zymx.webTM.web.dao.entity.ChatroomExample" resultType="java.lang.Integer" >
    select count(*) from chatroom
    <if test="_parameter != null" >
      <include refid="Example_Where_Clause" />
    </if>
  </select>
  <update id="updateByExampleSelective" parameterType="map" >
    update chatroom
    <set >
      <if test="record.chatroomId != null" >
        Chatroom_id = #{record.chatroomId,jdbcType=BIGINT},
      </if>
      <if test="record.userId != null" >
        user_Id = #{record.userId,jdbcType=BIGINT},
      </if>
      <if test="record.name != null" >
        name = #{record.name,jdbcType=VARCHAR},
      </if>
      <if test="record.intro != null" >
        intro = #{record.intro,jdbcType=VARCHAR},
      </if>
      <if test="record.createById != null" >
        create_By_Id = #{record.createById,jdbcType=BIGINT},
      </if>
      <if test="record.createByDate != null" >
        create_By_Date = #{record.createByDate,jdbcType=TIMESTAMP},
      </if>
      <if test="record.updateById != null" >
        update_by_id = #{record.updateById,jdbcType=BIGINT},
      </if>
      <if test="record.updateByDate != null" >
        update_by_date = #{record.updateByDate,jdbcType=TIMESTAMP},
      </if>
    </set>
    <if test="_parameter != null" >
      <include refid="Update_By_Example_Where_Clause" />
    </if>
  </update>
  <update id="updateByExample" parameterType="map" >
    update chatroom
    set Chatroom_id = #{record.chatroomId,jdbcType=BIGINT},
      user_Id = #{record.userId,jdbcType=BIGINT},
      name = #{record.name,jdbcType=VARCHAR},
      intro = #{record.intro,jdbcType=VARCHAR},
      create_By_Id = #{record.createById,jdbcType=BIGINT},
      create_By_Date = #{record.createByDate,jdbcType=TIMESTAMP},
      update_by_id = #{record.updateById,jdbcType=BIGINT},
      update_by_date = #{record.updateByDate,jdbcType=TIMESTAMP}
    <if test="_parameter != null" >
      <include refid="Update_By_Example_Where_Clause" />
    </if>
  </update>
  <update id="updateByPrimaryKeySelective" parameterType="cn.zymx.webTM.web.dao.entity.Chatroom" >
    update chatroom
    <set >
      <if test="userId != null" >
        user_Id = #{userId,jdbcType=BIGINT},
      </if>
      <if test="name != null" >
        name = #{name,jdbcType=VARCHAR},
      </if>
      <if test="intro != null" >
        intro = #{intro,jdbcType=VARCHAR},
      </if>
      <if test="createById != null" >
        create_By_Id = #{createById,jdbcType=BIGINT},
      </if>
      <if test="createByDate != null" >
        create_By_Date = #{createByDate,jdbcType=TIMESTAMP},
      </if>
      <if test="updateById != null" >
        update_by_id = #{updateById,jdbcType=BIGINT},
      </if>
      <if test="updateByDate != null" >
        update_by_date = #{updateByDate,jdbcType=TIMESTAMP},
      </if>
    </set>
    where Chatroom_id = #{chatroomId,jdbcType=BIGINT}
  </update>
  <update id="updateByPrimaryKey" parameterType="cn.zymx.webTM.web.dao.entity.Chatroom" >
    update chatroom
    set user_Id = #{userId,jdbcType=BIGINT},
      name = #{name,jdbcType=VARCHAR},
      intro = #{intro,jdbcType=VARCHAR},
      create_By_Id = #{createById,jdbcType=BIGINT},
      create_By_Date = #{createByDate,jdbcType=TIMESTAMP},
      update_by_id = #{updateById,jdbcType=BIGINT},
      update_by_date = #{updateByDate,jdbcType=TIMESTAMP}
    where Chatroom_id = #{chatroomId,jdbcType=BIGINT}
  </update>
</mapper>