<?xml version="1.0" encoding="UTF-8" ?>
<!DOCTYPE mapper PUBLIC "-//mybatis.org//DTD Mapper 3.0//EN" "http://mybatis.org/dtd/mybatis-3-mapper.dtd" >
<mapper namespace="cn.zymx.webTM.web.dao.mapper.ChatroomOnLineMapper" >
  <resultMap id="BaseResultMap" type="cn.zymx.webTM.web.dao.entity.ChatroomOnLine" >
    <id column="Chatroom_Id" property="chatroomId" jdbcType="BIGINT" />
    <id column="user_Id" property="userId" jdbcType="BIGINT" />
    <result column="on_Line_Status" property="onLineStatus" jdbcType="INTEGER" />
    <result column="token" property="token" jdbcType="VARCHAR" />
    <result column="create_By_Id" property="createById" jdbcType="BIGINT" />
    <result column="create_By_Date" property="createByDate" jdbcType="TIMESTAMP" />
    <result column="update_by_id" property="updateById" jdbcType="BIGINT" />
    <result column="update_by_date" property="updateByDate" jdbcType="TIMESTAMP" />
  </resultMap>
  <sql id="Example_Where_Clause" >
    <where >
      <foreach collection="oredCriteria" item="criteria" separator="or" >
        <if test="criteria.valid" >
          <trim prefix="(" suffix=")" prefixOverrides="and" >
            <foreach collection="criteria.criteria" item="criterion" >
              <choose >
                <when test="criterion.noValue" >
                  and ${criterion.condition}
                </when>
                <when test="criterion.singleValue" >
                  and ${criterion.condition} #{criterion.value}
                </when>
                <when test="criterion.betweenValue" >
                  and ${criterion.condition} #{criterion.value} and #{criterion.secondValue}
                </when>
                <when test="criterion.listValue" >
                  and ${criterion.condition}
                  <foreach collection="criterion.value" item="listItem" open="(" close=")" separator="," >
                    #{listItem}
                  </foreach>
                </when>
              </choose>
            </foreach>
          </trim>
        </if>
      </foreach>
    </where>
  </sql>
  <sql id="Update_By_Example_Where_Clause" >
    <where >
      <foreach collection="example.oredCriteria" item="criteria" separator="or" >
        <if test="criteria.valid" >
          <trim prefix="(" suffix=")" prefixOverrides="and" >
            <foreach collection="criteria.criteria" item="criterion" >
              <choose >
                <when test="criterion.noValue" >
                  and ${criterion.condition}
                </when>
                <when test="criterion.singleValue" >
                  and ${criterion.condition} #{criterion.value}
                </when>
                <when test="criterion.betweenValue" >
                  and ${criterion.condition} #{criterion.value} and #{criterion.secondValue}
                </when>
                <when test="criterion.listValue" >
                  and ${criterion.condition}
                  <foreach collection="criterion.value" item="listItem" open="(" close=")" separator="," >
                    #{listItem}
                  </foreach>
                </when>
              </choose>
            </foreach>
          </trim>
        </if>
      </foreach>
    </where>
  </sql>
  <sql id="Base_Column_List" >
    Chatroom_Id, user_Id, on_Line_Status, token, create_By_Id, create_By_Date, update_by_id, 
    update_by_date
  </sql>
  <select id="selectByExample" resultMap="BaseResultMap" parameterType="cn.zymx.webTM.web.dao.entity.ChatroomOnLineExample" >
    select
    <if test="distinct" >
      distinct
    </if>
    <include refid="Base_Column_List" />
    from chatroom_on_line
    <if test="_parameter != null" >
      <include refid="Example_Where_Clause" />
    </if>
    <if test="orderByClause != null" >
      order by ${orderByClause}
    </if>
  </select>
  <select id="selectByPrimaryKey" resultMap="BaseResultMap" parameterType="cn.zymx.webTM.web.dao.entity.ChatroomOnLineKey" >
    select 
    <include refid="Base_Column_List" />
    from chatroom_on_line
    where Chatroom_Id = #{chatroomId,jdbcType=BIGINT}
      and user_Id = #{userId,jdbcType=BIGINT}
  </select>
  <delete id="deleteByPrimaryKey" parameterType="cn.zymx.webTM.web.dao.entity.ChatroomOnLineKey" >
    delete from chatroom_on_line
    where Chatroom_Id = #{chatroomId,jdbcType=BIGINT}
      and user_Id = #{userId,jdbcType=BIGINT}
  </delete>
  <delete id="deleteByExample" parameterType="cn.zymx.webTM.web.dao.entity.ChatroomOnLineExample" >
    delete from chatroom_on_line
    <if test="_parameter != null" >
      <include refid="Example_Where_Clause" />
    </if>
  </delete>
  <insert id="insert" parameterType="cn.zymx.webTM.web.dao.entity.ChatroomOnLine" >
    insert into chatroom_on_line (Chatroom_Id, user_Id, on_Line_Status, 
      token, create_By_Id, create_By_Date, 
      update_by_id, update_by_date)
    values (#{chatroomId,jdbcType=BIGINT}, #{userId,jdbcType=BIGINT}, #{onLineStatus,jdbcType=INTEGER}, 
      #{token,jdbcType=VARCHAR}, #{createById,jdbcType=BIGINT}, #{createByDate,jdbcType=TIMESTAMP}, 
      #{updateById,jdbcType=BIGINT}, #{updateByDate,jdbcType=TIMESTAMP})
  </insert>
  <insert id="insertSelective" parameterType="cn.zymx.webTM.web.dao.entity.ChatroomOnLine" >
    insert into chatroom_on_line
    <trim prefix="(" suffix=")" suffixOverrides="," >
      <if test="chatroomId != null" >
        Chatroom_Id,
      </if>
      <if test="userId != null" >
        user_Id,
      </if>
      <if test="onLineStatus != null" >
        on_Line_Status,
      </if>
      <if test="token != null" >
        token,
      </if>
      <if test="createById != null" >
        create_By_Id,
      </if>
      <if test="createByDate != null" >
        create_By_Date,
      </if>
      <if test="updateById != null" >
        update_by_id,
      </if>
      <if test="updateByDate != null" >
        update_by_date,
      </if>
    </trim>
    <trim prefix="values (" suffix=")" suffixOverrides="," >
      <if test="chatroomId != null" >
        #{chatroomId,jdbcType=BIGINT},
      </if>
      <if test="userId != null" >
        #{userId,jdbcType=BIGINT},
      </if>
      <if test="onLineStatus != null" >
        #{onLineStatus,jdbcType=INTEGER},
      </if>
      <if test="token != null" >
        #{token,jdbcType=VARCHAR},
      </if>
      <if test="createById != null" >
        #{createById,jdbcType=BIGINT},
      </if>
      <if test="createByDate != null" >
        #{createByDate,jdbcType=TIMESTAMP},
      </if>
      <if test="updateById != null" >
        #{updateById,jdbcType=BIGINT},
      </if>
      <if test="updateByDate != null" >
        #{updateByDate,jdbcType=TIMESTAMP},
      </if>
    </trim>
  </insert>
  <select id="countByExample" parameterType="cn.zymx.webTM.web.dao.entity.ChatroomOnLineExample" resultType="java.lang.Integer" >
    select count(*) from chatroom_on_line
    <if test="_parameter != null" >
      <include refid="Example_Where_Clause" />
    </if>
  </select>
  <update id="updateByExampleSelective" parameterType="map" >
    update chatroom_on_line
    <set >
      <if test="record.chatroomId != null" >
        Chatroom_Id = #{record.chatroomId,jdbcType=BIGINT},
      </if>
      <if test="record.userId != null" >
        user_Id = #{record.userId,jdbcType=BIGINT},
      </if>
      <if test="record.onLineStatus != null" >
        on_Line_Status = #{record.onLineStatus,jdbcType=INTEGER},
      </if>
      <if test="record.token != null" >
        token = #{record.token,jdbcType=VARCHAR},
      </if>
      <if test="record.createById != null" >
        create_By_Id = #{record.createById,jdbcType=BIGINT},
      </if>
      <if test="record.createByDate != null" >
        create_By_Date = #{record.createByDate,jdbcType=TIMESTAMP},
      </if>
      <if test="record.updateById != null" >
        update_by_id = #{record.updateById,jdbcType=BIGINT},
      </if>
      <if test="record.updateByDate != null" >
        update_by_date = #{record.updateByDate,jdbcType=TIMESTAMP},
      </if>
    </set>
    <if test="_parameter != null" >
      <include refid="Update_By_Example_Where_Clause" />
    </if>
  </update>
  <update id="updateByExample" parameterType="map" >
    update chatroom_on_line
    set Chatroom_Id = #{record.chatroomId,jdbcType=BIGINT},
      user_Id = #{record.userId,jdbcType=BIGINT},
      on_Line_Status = #{record.onLineStatus,jdbcType=INTEGER},
      token = #{record.token,jdbcType=VARCHAR},
      create_By_Id = #{record.createById,jdbcType=BIGINT},
      create_By_Date = #{record.createByDate,jdbcType=TIMESTAMP},
      update_by_id = #{record.updateById,jdbcType=BIGINT},
      update_by_date = #{record.updateByDate,jdbcType=TIMESTAMP}
    <if test="_parameter != null" >
      <include refid="Update_By_Example_Where_Clause" />
    </if>
  </update>
  <update id="updateByPrimaryKeySelective" parameterType="cn.zymx.webTM.web.dao.entity.ChatroomOnLine" >
    update chatroom_on_line
    <set >
      <if test="onLineStatus != null" >
        on_Line_Status = #{onLineStatus,jdbcType=INTEGER},
      </if>
      <if test="token != null" >
        token = #{token,jdbcType=VARCHAR},
      </if>
      <if test="createById != null" >
        create_By_Id = #{createById,jdbcType=BIGINT},
      </if>
      <if test="createByDate != null" >
        create_By_Date = #{createByDate,jdbcType=TIMESTAMP},
      </if>
      <if test="updateById != null" >
        update_by_id = #{updateById,jdbcType=BIGINT},
      </if>
      <if test="updateByDate != null" >
        update_by_date = #{updateByDate,jdbcType=TIMESTAMP},
      </if>
    </set>
    where Chatroom_Id = #{chatroomId,jdbcType=BIGINT}
      and user_Id = #{userId,jdbcType=BIGINT}
  </update>
  <update id="updateByPrimaryKey" parameterType="cn.zymx.webTM.web.dao.entity.ChatroomOnLine" >
    update chatroom_on_line
    set on_Line_Status = #{onLineStatus,jdbcType=INTEGER},
      token = #{token,jdbcType=VARCHAR},
      create_By_Id = #{createById,jdbcType=BIGINT},
      create_By_Date = #{createByDate,jdbcType=TIMESTAMP},
      update_by_id = #{updateById,jdbcType=BIGINT},
      update_by_date = #{updateByDate,jdbcType=TIMESTAMP}
    where Chatroom_Id = #{chatroomId,jdbcType=BIGINT}
      and user_Id = #{userId,jdbcType=BIGINT}
  </update>
</mapper>