<?xml version="1.0" encoding="UTF-8" ?>
<!DOCTYPE mapper PUBLIC "-//mybatis.org//DTD Mapper 3.0//EN" "http://mybatis.org/dtd/mybatis-3-mapper.dtd" >
<mapper namespace="cn.zymx.webTM.web.dao.mapper.ChatroomMsgHstoryMapper" >
  <resultMap id="BaseResultMap" type="cn.zymx.webTM.web.dao.entity.ChatroomMsgHstory" >
    <result column="Chatroom_id" property="chatroomId" jdbcType="BIGINT" />
    <result column="msg_body" property="msgBody" jdbcType="VARCHAR" />
    <result column="icons" property="icons" jdbcType="VARCHAR" />
    <result column="nickname" property="nickname" jdbcType="VARCHAR" />
    <result column="time_of_reception" property="timeOfReception" jdbcType="TIMESTAMP" />
    <result column="msg_Type" property="msgType" jdbcType="INTEGER" />
    <result column="user_type" property="userType" jdbcType="INTEGER" />
    <result column="user_Id" property="userId" jdbcType="BIGINT" />
    <result column="create_By_Id" property="createById" jdbcType="BIGINT" />
    <result column="create_By_Date" property="createByDate" jdbcType="TIMESTAMP" />
    <result column="update_by_id" property="updateById" jdbcType="BIGINT" />
    <result column="update_by_date" property="updateByDate" jdbcType="TIMESTAMP" />
  </resultMap>
  <sql id="Example_Where_Clause" >
    <where >
      <foreach collection="oredCriteria" item="criteria" separator="or" >
        <if test="criteria.valid" >
          <trim prefix="(" suffix=")" prefixOverrides="and" >
            <foreach collection="criteria.criteria" item="criterion" >
              <choose >
                <when test="criterion.noValue" >
                  and ${criterion.condition}
                </when>
                <when test="criterion.singleValue" >
                  and ${criterion.condition} #{criterion.value}
                </when>
                <when test="criterion.betweenValue" >
                  and ${criterion.condition} #{criterion.value} and #{criterion.secondValue}
                </when>
                <when test="criterion.listValue" >
                  and ${criterion.condition}
                  <foreach collection="criterion.value" item="listItem" open="(" close=")" separator="," >
                    #{listItem}
                  </foreach>
                </when>
              </choose>
            </foreach>
          </trim>
        </if>
      </foreach>
    </where>
  </sql>
  <sql id="Update_By_Example_Where_Clause" >
    <where >
      <foreach collection="example.oredCriteria" item="criteria" separator="or" >
        <if test="criteria.valid" >
          <trim prefix="(" suffix=")" prefixOverrides="and" >
            <foreach collection="criteria.criteria" item="criterion" >
              <choose >
                <when test="criterion.noValue" >
                  and ${criterion.condition}
                </when>
                <when test="criterion.singleValue" >
                  and ${criterion.condition} #{criterion.value}
                </when>
                <when test="criterion.betweenValue" >
                  and ${criterion.condition} #{criterion.value} and #{criterion.secondValue}
                </when>
                <when test="criterion.listValue" >
                  and ${criterion.condition}
                  <foreach collection="criterion.value" item="listItem" open="(" close=")" separator="," >
                    #{listItem}
                  </foreach>
                </when>
              </choose>
            </foreach>
          </trim>
        </if>
      </foreach>
    </where>
  </sql>
  <sql id="Base_Column_List" >
    Chatroom_id, msg_body, icons, nickname, time_of_reception, msg_Type, user_type, user_Id, 
    create_By_Id, create_By_Date, update_by_id, update_by_date
  </sql>
  <select id="selectByExample" resultMap="BaseResultMap" parameterType="cn.zymx.webTM.web.dao.entity.ChatroomMsgHstoryExample" >
    select
    <if test="distinct" >
      distinct
    </if>
    <include refid="Base_Column_List" />
    from chatroom_msg_hstory
    <if test="_parameter != null" >
      <include refid="Example_Where_Clause" />
    </if>
    <if test="orderByClause != null" >
      order by ${orderByClause}
    </if>
  </select>
  <delete id="deleteByExample" parameterType="cn.zymx.webTM.web.dao.entity.ChatroomMsgHstoryExample" >
    delete from chatroom_msg_hstory
    <if test="_parameter != null" >
      <include refid="Example_Where_Clause" />
    </if>
  </delete>
  <insert id="insert" parameterType="cn.zymx.webTM.web.dao.entity.ChatroomMsgHstory" >
    insert into chatroom_msg_hstory (Chatroom_id, msg_body, icons, 
      nickname, time_of_reception, msg_Type, 
      user_type, user_Id, create_By_Id, 
      create_By_Date, update_by_id, update_by_date
      )
    values (#{chatroomId,jdbcType=BIGINT}, #{msgBody,jdbcType=VARCHAR}, #{icons,jdbcType=VARCHAR}, 
      #{nickname,jdbcType=VARCHAR}, #{timeOfReception,jdbcType=TIMESTAMP}, #{msgType,jdbcType=INTEGER}, 
      #{userType,jdbcType=INTEGER}, #{userId,jdbcType=BIGINT}, #{createById,jdbcType=BIGINT}, 
      #{createByDate,jdbcType=TIMESTAMP}, #{updateById,jdbcType=BIGINT}, #{updateByDate,jdbcType=TIMESTAMP}
      )
  </insert>
  <insert id="insertSelective" parameterType="cn.zymx.webTM.web.dao.entity.ChatroomMsgHstory" >
    insert into chatroom_msg_hstory
    <trim prefix="(" suffix=")" suffixOverrides="," >
      <if test="chatroomId != null" >
        Chatroom_id,
      </if>
      <if test="msgBody != null" >
        msg_body,
      </if>
      <if test="icons != null" >
        icons,
      </if>
      <if test="nickname != null" >
        nickname,
      </if>
      <if test="timeOfReception != null" >
        time_of_reception,
      </if>
      <if test="msgType != null" >
        msg_Type,
      </if>
      <if test="userType != null" >
        user_type,
      </if>
      <if test="userId != null" >
        user_Id,
      </if>
      <if test="createById != null" >
        create_By_Id,
      </if>
      <if test="createByDate != null" >
        create_By_Date,
      </if>
      <if test="updateById != null" >
        update_by_id,
      </if>
      <if test="updateByDate != null" >
        update_by_date,
      </if>
    </trim>
    <trim prefix="values (" suffix=")" suffixOverrides="," >
      <if test="chatroomId != null" >
        #{chatroomId,jdbcType=BIGINT},
      </if>
      <if test="msgBody != null" >
        #{msgBody,jdbcType=VARCHAR},
      </if>
      <if test="icons != null" >
        #{icons,jdbcType=VARCHAR},
      </if>
      <if test="nickname != null" >
        #{nickname,jdbcType=VARCHAR},
      </if>
      <if test="timeOfReception != null" >
        #{timeOfReception,jdbcType=TIMESTAMP},
      </if>
      <if test="msgType != null" >
        #{msgType,jdbcType=INTEGER},
      </if>
      <if test="userType != null" >
        #{userType,jdbcType=INTEGER},
      </if>
      <if test="userId != null" >
        #{userId,jdbcType=BIGINT},
      </if>
      <if test="createById != null" >
        #{createById,jdbcType=BIGINT},
      </if>
      <if test="createByDate != null" >
        #{createByDate,jdbcType=TIMESTAMP},
      </if>
      <if test="updateById != null" >
        #{updateById,jdbcType=BIGINT},
      </if>
      <if test="updateByDate != null" >
        #{updateByDate,jdbcType=TIMESTAMP},
      </if>
    </trim>
  </insert>
  <select id="countByExample" parameterType="cn.zymx.webTM.web.dao.entity.ChatroomMsgHstoryExample" resultType="java.lang.Integer" >
    select count(*) from chatroom_msg_hstory
    <if test="_parameter != null" >
      <include refid="Example_Where_Clause" />
    </if>
  </select>
  <update id="updateByExampleSelective" parameterType="map" >
    update chatroom_msg_hstory
    <set >
      <if test="record.chatroomId != null" >
        Chatroom_id = #{record.chatroomId,jdbcType=BIGINT},
      </if>
      <if test="record.msgBody != null" >
        msg_body = #{record.msgBody,jdbcType=VARCHAR},
      </if>
      <if test="record.icons != null" >
        icons = #{record.icons,jdbcType=VARCHAR},
      </if>
      <if test="record.nickname != null" >
        nickname = #{record.nickname,jdbcType=VARCHAR},
      </if>
      <if test="record.timeOfReception != null" >
        time_of_reception = #{record.timeOfReception,jdbcType=TIMESTAMP},
      </if>
      <if test="record.msgType != null" >
        msg_Type = #{record.msgType,jdbcType=INTEGER},
      </if>
      <if test="record.userType != null" >
        user_type = #{record.userType,jdbcType=INTEGER},
      </if>
      <if test="record.userId != null" >
        user_Id = #{record.userId,jdbcType=BIGINT},
      </if>
      <if test="record.createById != null" >
        create_By_Id = #{record.createById,jdbcType=BIGINT},
      </if>
      <if test="record.createByDate != null" >
        create_By_Date = #{record.createByDate,jdbcType=TIMESTAMP},
      </if>
      <if test="record.updateById != null" >
        update_by_id = #{record.updateById,jdbcType=BIGINT},
      </if>
      <if test="record.updateByDate != null" >
        update_by_date = #{record.updateByDate,jdbcType=TIMESTAMP},
      </if>
    </set>
    <if test="_parameter != null" >
      <include refid="Update_By_Example_Where_Clause" />
    </if>
  </update>
  <update id="updateByExample" parameterType="map" >
    update chatroom_msg_hstory
    set Chatroom_id = #{record.chatroomId,jdbcType=BIGINT},
      msg_body = #{record.msgBody,jdbcType=VARCHAR},
      icons = #{record.icons,jdbcType=VARCHAR},
      nickname = #{record.nickname,jdbcType=VARCHAR},
      time_of_reception = #{record.timeOfReception,jdbcType=TIMESTAMP},
      msg_Type = #{record.msgType,jdbcType=INTEGER},
      user_type = #{record.userType,jdbcType=INTEGER},
      user_Id = #{record.userId,jdbcType=BIGINT},
      create_By_Id = #{record.createById,jdbcType=BIGINT},
      create_By_Date = #{record.createByDate,jdbcType=TIMESTAMP},
      update_by_id = #{record.updateById,jdbcType=BIGINT},
      update_by_date = #{record.updateByDate,jdbcType=TIMESTAMP}
    <if test="_parameter != null" >
      <include refid="Update_By_Example_Where_Clause" />
    </if>
  </update>
</mapper>