<?xml version="1.0" encoding="UTF-8" ?>
<!DOCTYPE mapper PUBLIC "-//mybatis.org//DTD Mapper 3.0//EN" "http://mybatis.org/dtd/mybatis-3-mapper.dtd" >
<mapper namespace="cn.zymx.webTM.web.dao.mapper.UserServiceListMapper" >
  <resultMap id="BaseResultMap" type="cn.zymx.webTM.web.dao.entity.UserServiceList" >
    <result column="user_Id" property="userId" jdbcType="BIGINT" />
    <result column="service_id" property="serviceId" jdbcType="BIGINT" />
    <result column="service_type" property="serviceType" jdbcType="CHAR" />
  </resultMap>
  <sql id="Example_Where_Clause" >
    <where >
      <foreach collection="oredCriteria" item="criteria" separator="or" >
        <if test="criteria.valid" >
          <trim prefix="(" suffix=")" prefixOverrides="and" >
            <foreach collection="criteria.criteria" item="criterion" >
              <choose >
                <when test="criterion.noValue" >
                  and ${criterion.condition}
                </when>
                <when test="criterion.singleValue" >
                  and ${criterion.condition} #{criterion.value}
                </when>
                <when test="criterion.betweenValue" >
                  and ${criterion.condition} #{criterion.value} and #{criterion.secondValue}
                </when>
                <when test="criterion.listValue" >
                  and ${criterion.condition}
                  <foreach collection="criterion.value" item="listItem" open="(" close=")" separator="," >
                    #{listItem}
                  </foreach>
                </when>
              </choose>
            </foreach>
          </trim>
        </if>
      </foreach>
    </where>
  </sql>
  <sql id="Update_By_Example_Where_Clause" >
    <where >
      <foreach collection="example.oredCriteria" item="criteria" separator="or" >
        <if test="criteria.valid" >
          <trim prefix="(" suffix=")" prefixOverrides="and" >
            <foreach collection="criteria.criteria" item="criterion" >
              <choose >
                <when test="criterion.noValue" >
                  and ${criterion.condition}
                </when>
                <when test="criterion.singleValue" >
                  and ${criterion.condition} #{criterion.value}
                </when>
                <when test="criterion.betweenValue" >
                  and ${criterion.condition} #{criterion.value} and #{criterion.secondValue}
                </when>
                <when test="criterion.listValue" >
                  and ${criterion.condition}
                  <foreach collection="criterion.value" item="listItem" open="(" close=")" separator="," >
                    #{listItem}
                  </foreach>
                </when>
              </choose>
            </foreach>
          </trim>
        </if>
      </foreach>
    </where>
  </sql>
  <sql id="Base_Column_List" >
    user_Id, service_id, service_type
  </sql>
  <select id="selectByExample" resultMap="BaseResultMap" parameterType="cn.zymx.webTM.web.dao.entity.UserServiceListExample" >
    select
    <if test="distinct" >
      distinct
    </if>
    <include refid="Base_Column_List" />
    from user_service_list
    <if test="_parameter != null" >
      <include refid="Example_Where_Clause" />
    </if>
    <if test="orderByClause != null" >
      order by ${orderByClause}
    </if>
  </select>
  <delete id="deleteByExample" parameterType="cn.zymx.webTM.web.dao.entity.UserServiceListExample" >
    delete from user_service_list
    <if test="_parameter != null" >
      <include refid="Example_Where_Clause" />
    </if>
  </delete>
  <insert id="insert" parameterType="cn.zymx.webTM.web.dao.entity.UserServiceList" >
    insert into user_service_list (user_Id, service_id, service_type
      )
    values (#{userId,jdbcType=BIGINT}, #{serviceId,jdbcType=BIGINT}, #{serviceType,jdbcType=CHAR}
      )
  </insert>
  <insert id="insertSelective" parameterType="cn.zymx.webTM.web.dao.entity.UserServiceList" >
    insert into user_service_list
    <trim prefix="(" suffix=")" suffixOverrides="," >
      <if test="userId != null" >
        user_Id,
      </if>
      <if test="serviceId != null" >
        service_id,
      </if>
      <if test="serviceType != null" >
        service_type,
      </if>
    </trim>
    <trim prefix="values (" suffix=")" suffixOverrides="," >
      <if test="userId != null" >
        #{userId,jdbcType=BIGINT},
      </if>
      <if test="serviceId != null" >
        #{serviceId,jdbcType=BIGINT},
      </if>
      <if test="serviceType != null" >
        #{serviceType,jdbcType=CHAR},
      </if>
    </trim>
  </insert>
  <select id="countByExample" parameterType="cn.zymx.webTM.web.dao.entity.UserServiceListExample" resultType="java.lang.Integer" >
    select count(*) from user_service_list
    <if test="_parameter != null" >
      <include refid="Example_Where_Clause" />
    </if>
  </select>
  <update id="updateByExampleSelective" parameterType="map" >
    update user_service_list
    <set >
      <if test="record.userId != null" >
        user_Id = #{record.userId,jdbcType=BIGINT},
      </if>
      <if test="record.serviceId != null" >
        service_id = #{record.serviceId,jdbcType=BIGINT},
      </if>
      <if test="record.serviceType != null" >
        service_type = #{record.serviceType,jdbcType=CHAR},
      </if>
    </set>
    <if test="_parameter != null" >
      <include refid="Update_By_Example_Where_Clause" />
    </if>
  </update>
  <update id="updateByExample" parameterType="map" >
    update user_service_list
    set user_Id = #{record.userId,jdbcType=BIGINT},
      service_id = #{record.serviceId,jdbcType=BIGINT},
      service_type = #{record.serviceType,jdbcType=CHAR}
    <if test="_parameter != null" >
      <include refid="Update_By_Example_Where_Clause" />
    </if>
  </update>
</mapper>