<?xml version="1.0" encoding="UTF-8" ?>
<!DOCTYPE mapper PUBLIC "-//mybatis.org//DTD Mapper 3.0//EN" "http://mybatis.org/dtd/mybatis-3-mapper.dtd" >
<mapper namespace="cn.zymx.webTM.web.dao.mapper.UserMapper" >
  <resultMap id="BaseResultMap" type="cn.zymx.webTM.web.dao.entity.User" >
    <id column="user_Id" property="userId" jdbcType="BIGINT" />
    <result column="email" property="email" jdbcType="VARCHAR" />
    <result column="nickname" property="nickname" jdbcType="VARCHAR" />
    <result column="password" property="password" jdbcType="VARCHAR" />
    <result column="Icons" property="icons" jdbcType="VARCHAR" />
    <result column="on_Line_Status" property="onLineStatus" jdbcType="INTEGER" />
    <result column="user_type" property="userType" jdbcType="INTEGER" />
    <result column="create_By_Id" property="createById" jdbcType="BIGINT" />
    <result column="create_By_Date" property="createByDate" jdbcType="TIMESTAMP" />
    <result column="update_by_id" property="updateById" jdbcType="BIGINT" />
    <result column="update_by_date" property="updateByDate" jdbcType="TIMESTAMP" />
  </resultMap>
  <sql id="Example_Where_Clause" >
    <where >
      <foreach collection="oredCriteria" item="criteria" separator="or" >
        <if test="criteria.valid" >
          <trim prefix="(" suffix=")" prefixOverrides="and" >
            <foreach collection="criteria.criteria" item="criterion" >
              <choose >
                <when test="criterion.noValue" >
                  and ${criterion.condition}
                </when>
                <when test="criterion.singleValue" >
                  and ${criterion.condition} #{criterion.value}
                </when>
                <when test="criterion.betweenValue" >
                  and ${criterion.condition} #{criterion.value} and #{criterion.secondValue}
                </when>
                <when test="criterion.listValue" >
                  and ${criterion.condition}
                  <foreach collection="criterion.value" item="listItem" open="(" close=")" separator="," >
                    #{listItem}
                  </foreach>
                </when>
              </choose>
            </foreach>
          </trim>
        </if>
      </foreach>
    </where>
  </sql>
  <sql id="Update_By_Example_Where_Clause" >
    <where >
      <foreach collection="example.oredCriteria" item="criteria" separator="or" >
        <if test="criteria.valid" >
          <trim prefix="(" suffix=")" prefixOverrides="and" >
            <foreach collection="criteria.criteria" item="criterion" >
              <choose >
                <when test="criterion.noValue" >
                  and ${criterion.condition}
                </when>
                <when test="criterion.singleValue" >
                  and ${criterion.condition} #{criterion.value}
                </when>
                <when test="criterion.betweenValue" >
                  and ${criterion.condition} #{criterion.value} and #{criterion.secondValue}
                </when>
                <when test="criterion.listValue" >
                  and ${criterion.condition}
                  <foreach collection="criterion.value" item="listItem" open="(" close=")" separator="," >
                    #{listItem}
                  </foreach>
                </when>
              </choose>
            </foreach>
          </trim>
        </if>
      </foreach>
    </where>
  </sql>
  <sql id="Base_Column_List" >
    user_Id, email, nickname, password, Icons, on_Line_Status, user_type, create_By_Id, 
    create_By_Date, update_by_id, update_by_date
  </sql>
  <select id="selectByExample" resultMap="BaseResultMap" parameterType="cn.zymx.webTM.web.dao.entity.UserExample" >
    select
    <if test="distinct" >
      distinct
    </if>
    <include refid="Base_Column_List" />
    from user
    <if test="_parameter != null" >
      <include refid="Example_Where_Clause" />
    </if>
    <if test="orderByClause != null" >
      order by ${orderByClause}
    </if>
  </select>
  <select id="selectByPrimaryKey" resultMap="BaseResultMap" parameterType="java.lang.Long" >
    select 
    <include refid="Base_Column_List" />
    from user
    where user_Id = #{userId,jdbcType=BIGINT}
  </select>
  <delete id="deleteByPrimaryKey" parameterType="java.lang.Long" >
    delete from user
    where user_Id = #{userId,jdbcType=BIGINT}
  </delete>
  <delete id="deleteByExample" parameterType="cn.zymx.webTM.web.dao.entity.UserExample" >
    delete from user
    <if test="_parameter != null" >
      <include refid="Example_Where_Clause" />
    </if>
  </delete>
  <insert id="insert" parameterType="cn.zymx.webTM.web.dao.entity.User" >
    insert into user (user_Id, email, nickname, 
      password, Icons, on_Line_Status, 
      user_type, create_By_Id, create_By_Date, 
      update_by_id, update_by_date)
    values (#{userId,jdbcType=BIGINT}, #{email,jdbcType=VARCHAR}, #{nickname,jdbcType=VARCHAR}, 
      #{password,jdbcType=VARCHAR}, #{icons,jdbcType=VARCHAR}, #{onLineStatus,jdbcType=INTEGER}, 
      #{userType,jdbcType=INTEGER}, #{createById,jdbcType=BIGINT}, #{createByDate,jdbcType=TIMESTAMP}, 
      #{updateById,jdbcType=BIGINT}, #{updateByDate,jdbcType=TIMESTAMP})
  </insert>
  <insert id="insertSelective" parameterType="cn.zymx.webTM.web.dao.entity.User" >
    insert into user
    <trim prefix="(" suffix=")" suffixOverrides="," >
      <if test="userId != null" >
        user_Id,
      </if>
      <if test="email != null" >
        email,
      </if>
      <if test="nickname != null" >
        nickname,
      </if>
      <if test="password != null" >
        password,
      </if>
      <if test="icons != null" >
        Icons,
      </if>
      <if test="onLineStatus != null" >
        on_Line_Status,
      </if>
      <if test="userType != null" >
        user_type,
      </if>
      <if test="createById != null" >
        create_By_Id,
      </if>
      <if test="createByDate != null" >
        create_By_Date,
      </if>
      <if test="updateById != null" >
        update_by_id,
      </if>
      <if test="updateByDate != null" >
        update_by_date,
      </if>
    </trim>
    <trim prefix="values (" suffix=")" suffixOverrides="," >
      <if test="userId != null" >
        #{userId,jdbcType=BIGINT},
      </if>
      <if test="email != null" >
        #{email,jdbcType=VARCHAR},
      </if>
      <if test="nickname != null" >
        #{nickname,jdbcType=VARCHAR},
      </if>
      <if test="password != null" >
        #{password,jdbcType=VARCHAR},
      </if>
      <if test="icons != null" >
        #{icons,jdbcType=VARCHAR},
      </if>
      <if test="onLineStatus != null" >
        #{onLineStatus,jdbcType=INTEGER},
      </if>
      <if test="userType != null" >
        #{userType,jdbcType=INTEGER},
      </if>
      <if test="createById != null" >
        #{createById,jdbcType=BIGINT},
      </if>
      <if test="createByDate != null" >
        #{createByDate,jdbcType=TIMESTAMP},
      </if>
      <if test="updateById != null" >
        #{updateById,jdbcType=BIGINT},
      </if>
      <if test="updateByDate != null" >
        #{updateByDate,jdbcType=TIMESTAMP},
      </if>
    </trim>
  </insert>
  <select id="countByExample" parameterType="cn.zymx.webTM.web.dao.entity.UserExample" resultType="java.lang.Integer" >
    select count(*) from user
    <if test="_parameter != null" >
      <include refid="Example_Where_Clause" />
    </if>
  </select>
  <update id="updateByExampleSelective" parameterType="map" >
    update user
    <set >
      <if test="record.userId != null" >
        user_Id = #{record.userId,jdbcType=BIGINT},
      </if>
      <if test="record.email != null" >
        email = #{record.email,jdbcType=VARCHAR},
      </if>
      <if test="record.nickname != null" >
        nickname = #{record.nickname,jdbcType=VARCHAR},
      </if>
      <if test="record.password != null" >
        password = #{record.password,jdbcType=VARCHAR},
      </if>
      <if test="record.icons != null" >
        Icons = #{record.icons,jdbcType=VARCHAR},
      </if>
      <if test="record.onLineStatus != null" >
        on_Line_Status = #{record.onLineStatus,jdbcType=INTEGER},
      </if>
      <if test="record.userType != null" >
        user_type = #{record.userType,jdbcType=INTEGER},
      </if>
      <if test="record.createById != null" >
        create_By_Id = #{record.createById,jdbcType=BIGINT},
      </if>
      <if test="record.createByDate != null" >
        create_By_Date = #{record.createByDate,jdbcType=TIMESTAMP},
      </if>
      <if test="record.updateById != null" >
        update_by_id = #{record.updateById,jdbcType=BIGINT},
      </if>
      <if test="record.updateByDate != null" >
        update_by_date = #{record.updateByDate,jdbcType=TIMESTAMP},
      </if>
    </set>
    <if test="_parameter != null" >
      <include refid="Update_By_Example_Where_Clause" />
    </if>
  </update>
  <update id="updateByExample" parameterType="map" >
    update user
    set user_Id = #{record.userId,jdbcType=BIGINT},
      email = #{record.email,jdbcType=VARCHAR},
      nickname = #{record.nickname,jdbcType=VARCHAR},
      password = #{record.password,jdbcType=VARCHAR},
      Icons = #{record.icons,jdbcType=VARCHAR},
      on_Line_Status = #{record.onLineStatus,jdbcType=INTEGER},
      user_type = #{record.userType,jdbcType=INTEGER},
      create_By_Id = #{record.createById,jdbcType=BIGINT},
      create_By_Date = #{record.createByDate,jdbcType=TIMESTAMP},
      update_by_id = #{record.updateById,jdbcType=BIGINT},
      update_by_date = #{record.updateByDate,jdbcType=TIMESTAMP}
    <if test="_parameter != null" >
      <include refid="Update_By_Example_Where_Clause" />
    </if>
  </update>
  <update id="updateByPrimaryKeySelective" parameterType="cn.zymx.webTM.web.dao.entity.User" >
    update user
    <set >
      <if test="email != null" >
        email = #{email,jdbcType=VARCHAR},
      </if>
      <if test="nickname != null" >
        nickname = #{nickname,jdbcType=VARCHAR},
      </if>
      <if test="password != null" >
        password = #{password,jdbcType=VARCHAR},
      </if>
      <if test="icons != null" >
        Icons = #{icons,jdbcType=VARCHAR},
      </if>
      <if test="onLineStatus != null" >
        on_Line_Status = #{onLineStatus,jdbcType=INTEGER},
      </if>
      <if test="userType != null" >
        user_type = #{userType,jdbcType=INTEGER},
      </if>
      <if test="createById != null" >
        create_By_Id = #{createById,jdbcType=BIGINT},
      </if>
      <if test="createByDate != null" >
        create_By_Date = #{createByDate,jdbcType=TIMESTAMP},
      </if>
      <if test="updateById != null" >
        update_by_id = #{updateById,jdbcType=BIGINT},
      </if>
      <if test="updateByDate != null" >
        update_by_date = #{updateByDate,jdbcType=TIMESTAMP},
      </if>
    </set>
    where user_Id = #{userId,jdbcType=BIGINT}
  </update>
  <update id="updateByPrimaryKey" parameterType="cn.zymx.webTM.web.dao.entity.User" >
    update user
    set email = #{email,jdbcType=VARCHAR},
      nickname = #{nickname,jdbcType=VARCHAR},
      password = #{password,jdbcType=VARCHAR},
      Icons = #{icons,jdbcType=VARCHAR},
      on_Line_Status = #{onLineStatus,jdbcType=INTEGER},
      user_type = #{userType,jdbcType=INTEGER},
      create_By_Id = #{createById,jdbcType=BIGINT},
      create_By_Date = #{createByDate,jdbcType=TIMESTAMP},
      update_by_id = #{updateById,jdbcType=BIGINT},
      update_by_date = #{updateByDate,jdbcType=TIMESTAMP}
    where user_Id = #{userId,jdbcType=BIGINT}
  </update>
</mapper>